coin_id,date,open_usd,high_usd,low_usd,close_usd,volume_usd,market_cap_usd,extracted_at
bitcoin,2026-02-12,70124.0,70394.0,65932.0,66938.0,,,2026-05-14 21:43:21
bitcoin,2026-02-16,66994.0,70898.0,65243.0,68717.0,44139541277.476685,1373546624939.8215,2026-05-14 21:43:21
bitcoin,2026-02-20,68781.0,69999.0,65734.0,66919.0,34180839195.07364,1338094580095.8176,2026-05-14 21:43:21
bitcoin,2026-02-24,66957.0,68637.0,63963.0,64578.0,56724400502.91585,1291178509392.7466,2026-05-14 21:43:21
bitcoin,2026-02-28,64646.0,69487.0,62803.0,65884.0,43031961580.21165,1317715385672.9202,2026-05-14 21:43:21
bitcoin,2026-03-04,65879.0,69851.0,63177.0,68322.0,52704039830.20494,1367228918356.8262,2026-05-14 21:43:21
bitcoin,2026-03-08,68292.0,73953.0,67038.0,67271.0,24588849466.218872,1345067153653.0642,2026-05-14 21:43:21
bitcoin,2026-03-12,67268.0,71612.0,65727.0,70227.0,48188681300.73879,1405229147518.9683,2026-05-14 21:43:21
bitcoin,2026-03-16,70203.0,73839.0,69265.0,72682.0,29137209887.5333,1453818980888.097,2026-05-14 21:43:21
bitcoin,2026-03-20,72799.0,75937.0,68934.0,69871.0,46069506172.99344,1397132369157.6367,2026-05-14 21:43:21
bitcoin,2026-03-24,69912.0,71646.0,67564.0,70893.0,52502731112.03615,1417921177640.1455,2026-05-14 21:43:21
bitcoin,2026-03-28,70917.0,71922.0,65587.0,66321.0,48874426380.128494,1326110397917.7085,2026-05-14 21:43:21
bitcoin,2026-04-01,66328.0,68286.0,65112.0,68232.0,56210727882.161446,1364706648348.3545,2026-05-14 21:43:21
bitcoin,2026-04-05,68231.0,69136.0,65819.0,67304.0,21516550336.856274,1346790078680.91,2026-05-14 21:43:21
bitcoin,2026-04-09,67306.0,72698.0,66634.0,71117.0,42583999503.6708,1423286125223.942,2026-05-14 21:43:21
bitcoin,2026-04-13,71004.0,73721.0,70522.0,70757.0,30101377740.873566,1415861769817.8752,2026-05-14 21:43:21
bitcoin,2026-04-17,70651.0,75829.0,70627.0,75149.0,44500754086.976234,1503597305333.8933,2026-05-14 21:43:21
bitcoin,2026-04-21,75135.0,78240.0,73854.0,75875.0,48152404105.554855,1518784350281.418,2026-05-14 21:43:21
bitcoin,2026-04-25,75885.0,79389.0,74935.0,77445.0,33584952477.909107,1550504073873.627,2026-05-14 21:43:21
bitcoin,2026-04-29,77490.0,79400.0,75706.0,76345.0,32683167166.924606,1528431321586.3352,2026-05-14 21:43:21
bitcoin,2026-05-03,76343.0,79005.0,75103.0,78655.0,18618912381.93079,1574625317385.0962,2026-05-14 21:43:21
bitcoin,2026-05-07,78666.0,82752.0,78095.0,81425.0,41133090710.83387,1630523861201.5588,2026-05-14 21:43:21
bitcoin,2026-05-11,81450.0,82348.0,79287.0,82146.0,28066045740.096794,1644787760960.26,2026-05-14 21:43:21
ethereum,2026-02-12,2103.64,2119.32,1911.96,1939.43,,,2026-05-14 21:44:25
ethereum,2026-02-16,1940.58,2100.05,1902.17,1963.96,31079407276.992832,237059805728.8081,2026-05-14 21:44:25
ethereum,2026-02-20,1965.16,2030.77,1914.26,1946.91,19134139969.172134,235006669215.33435,2026-05-14 21:44:25
ethereum,2026-02-24,1948.07,1994.42,1845.98,1853.7,31366211602.76786,223731652427.76767,2026-05-14 21:44:25
ethereum,2026-02-28,1856.09,2121.02,1807.63,1931.32,21664624267.05581,233144085915.65958,2026-05-14 21:44:25
ethereum,2026-03-04,1930.31,2072.0,1841.29,1982.46,23812766657.95574,239664309988.1716,2026-05-14 21:44:25
ethereum,2026-03-08,1981.4,2192.82,1948.58,1969.69,9708504242.945522,237705413185.15485,2026-05-14 21:44:25
ethereum,2026-03-12,1969.78,2084.64,1922.33,2051.73,19128555868.09481,247646084116.33203,2026-05-14 21:44:25
ethereum,2026-03-16,2052.16,2200.03,2020.71,2175.06,14747913813.60742,262512054941.10397,2026-05-14 21:44:25
ethereum,2026-03-20,2177.72,2377.64,2104.6,2137.45,24108916783.710667,258058898457.4955,2026-05-14 21:44:25
ethereum,2026-03-24,2136.1,2186.9,2030.61,2151.5,28068766677.710217,259554597861.1581,2026-05-14 21:44:25
ethereum,2026-03-28,2150.13,2196.43,1972.03,1991.9,18794766454.176136,240350263112.52786,2026-05-14 21:44:25
ethereum,2026-04-01,1990.82,2114.72,1947.32,2104.88,21496491501.1208,254040532514.3724,2026-05-14 21:44:25
ethereum,2026-04-05,2103.22,2161.5,2018.64,2064.99,6614766426.338903,249240961118.02728,2026-05-14 21:44:25
ethereum,2026-04-09,2065.52,2265.34,2024.21,2190.48,21125273662.90435,264371759670.03903,2026-05-14 21:44:25
ethereum,2026-04-13,2189.15,2322.45,2160.4,2192.16,14967971355.94253,264544626755.8191,2026-05-14 21:44:25
ethereum,2026-04-17,2189.6,2401.35,2178.19,2348.7,20472335141.626884,283412286692.5497,2026-05-14 21:44:25
ethereum,2026-04-21,2349.8,2462.81,2257.91,2315.02,23156669964.6911,279392380110.18536,2026-05-14 21:44:25
ethereum,2026-04-25,2316.25,2420.19,2292.92,2315.51,13635648616.699389,279460269416.0835,2026-05-14 21:44:25
ethereum,2026-04-29,2315.35,2398.26,2263.65,2289.17,12066840793.75513,276138338870.7167,2026-05-14 21:44:25
ethereum,2026-05-03,2289.49,2344.02,2224.38,2316.33,6497751064.097067,279471189560.5661,2026-05-14 21:44:25
ethereum,2026-05-07,2316.46,2420.01,2299.38,2350.48,21825138299.97193,283646020806.41174,2026-05-14 21:44:25
ethereum,2026-05-11,2351.11,2379.14,2268.68,2368.84,17501460235.16661,285963726467.4334,2026-05-14 21:44:25
tether,2026-02-12,0.999565,0.999914,0.999171,0.999412,,,2026-05-14 21:45:28
tether,2026-02-16,0.999411,0.999939,0.99917,0.999591,85838092904.71838,183702555799.0948,2026-05-14 21:45:28
tether,2026-02-20,0.999601,0.999849,0.999424,0.999665,57095665101.92193,183665780089.60416,2026-05-14 21:45:28
tether,2026-02-24,0.99961,1.0,0.999412,0.999719,90957851445.69318,183573059921.86572,2026-05-14 21:45:28
tether,2026-02-28,0.999692,1.0,0.999502,1.0,71262396087.08199,183548842293.3003,2026-05-14 21:45:28
tether,2026-03-04,1.0,1.001,0.999549,1.0,84650809790.36569,183737853544.7725,2026-05-14 21:45:28
tether,2026-03-08,1.0,1.0,0.999824,0.999979,39069661588.640366,183967956042.79846,2026-05-14 21:45:28
tether,2026-03-12,0.999931,1.0,0.999714,1.0,72965356158.17609,183969617777.85583,2026-05-14 21:45:28
tether,2026-03-16,1.0,1.001,0.999899,1.0,49130764754.21382,184052526756.51514,2026-05-14 21:45:28
tether,2026-03-20,1.0,1.0,0.999888,1.0,76791654527.8052,184116041386.90872,2026-05-14 21:45:28
tether,2026-03-24,1.0,1.0,0.999563,0.999728,91635330091.9148,184132084541.98962,2026-05-14 21:45:28
tether,2026-03-28,0.99974,0.999828,0.999151,0.999309,76641405476.10576,184086003521.34445,2026-05-14 21:45:28
tether,2026-04-01,0.999323,0.999411,0.998968,0.999103,82966503163.4155,184059421031.63733,2026-05-14 21:45:28
tether,2026-04-05,0.999095,1.0,0.999095,0.999948,33899933885.440693,184154218737.5481,2026-05-14 21:45:28
tether,2026-04-09,0.99991,1.0,0.999508,1.0,70221522914.21844,184114355687.73486,2026-05-14 21:45:28
tether,2026-04-13,1.0,1.0,0.999057,1.0,49585241417.12921,184396863750.00598,2026-05-14 21:45:28
tether,2026-04-17,1.0,1.001,0.999792,1.0,80239030259.73729,185769882251.33258,2026-05-14 21:45:28
tether,2026-04-21,1.0,1.001,1.0,1.0,72574522319.4622,187962983239.43045,2026-05-14 21:45:28
tether,2026-04-25,1.0,1.0,0.999951,1.0,55437202123.75653,189701047675.4271,2026-05-14 21:45:28
tether,2026-04-29,1.0,1.0,0.999762,0.999805,54332033493.15596,189654267107.8989,2026-05-14 21:45:28
tether,2026-05-03,0.999813,0.999911,0.999388,0.999883,32118823220.94329,189562481072.2766,2026-05-14 21:45:28
tether,2026-05-07,0.99985,0.99996,0.999681,0.999862,78462932966.56517,189548862742.03592,2026-05-14 21:45:28
tether,2026-05-11,0.999861,1.001,0.999691,0.999852,57923937489.876076,189662115239.26886,2026-05-14 21:45:28
binancecoin,2026-02-12,636.18,640.87,587.7,607.01,,,2026-05-14 21:45:32
binancecoin,2026-02-16,607.4,640.72,592.73,614.28,983279792.7361963,83775714874.3921,2026-05-14 21:45:32
binancecoin,2026-02-20,614.77,630.22,597.23,607.15,891516182.014514,82785340522.44412,2026-05-14 21:45:32
binancecoin,2026-02-24,607.38,633.75,585.83,595.84,1553730225.5898428,81249250726.1992,2026-05-14 21:45:32
binancecoin,2026-02-28,596.33,637.54,577.87,613.97,1166358389.1914895,83730647972.7378,2026-05-14 21:45:32
binancecoin,2026-03-04,613.96,651.06,589.68,633.92,1288690976.9448144,86482998750.86174,2026-05-14 21:45:32
binancecoin,2026-03-08,633.48,664.89,619.21,620.13,509923883.2711651,84564372980.5224,2026-05-14 21:45:32
binancecoin,2026-03-12,620.29,655.24,609.71,651.44,968330794.4655601,88842234614.88629,2026-05-14 21:45:32
binancecoin,2026-03-16,651.56,678.17,642.38,673.78,850791964.7012388,91853204145.78893,2026-05-14 21:45:32
binancecoin,2026-03-20,675.64,685.59,633.79,638.95,1092257056.730614,87094846579.00471,2026-05-14 21:45:32
binancecoin,2026-03-24,639.22,648.31,621.57,638.7,1699315951.250889,87032729469.62123,2026-05-14 21:45:32
binancecoin,2026-03-28,639.01,652.09,606.09,613.17,971768711.8095019,83593345118.95567,2026-05-14 21:45:32
binancecoin,2026-04-01,613.36,620.05,598.48,616.77,1116226014.1060407,84079306293.21768,2026-05-14 21:45:32
binancecoin,2026-04-05,617.06,620.32,570.62,593.37,495007925.0437973,80890979536.74782,2026-05-14 21:45:32
binancecoin,2026-04-09,593.35,623.27,587.6,601.18,1218951620.0366716,81972951877.29778,2026-05-14 21:45:32
binancecoin,2026-04-13,600.49,614.05,589.52,592.4,980521715.6102328,80756512794.08296,2026-05-14 21:45:32
binancecoin,2026-04-17,592.61,636.82,592.61,635.85,1314496013.551181,85668783351.65327,2026-05-14 21:45:32
binancecoin,2026-04-21,636.57,648.56,615.76,629.47,1014361415.3956897,84838835154.5703,2026-05-14 21:45:32
binancecoin,2026-04-25,630.17,652.07,626.1,636.48,845809600.6974201,85788898519.82469,2026-05-14 21:45:32
binancecoin,2026-04-29,636.38,639.5,619.7,624.45,735423238.3481972,84124647237.12154,2026-05-14 21:45:32
binancecoin,2026-05-03,624.52,629.21,611.16,617.87,579985004.5637518,83269020349.44923,2026-05-14 21:45:32
binancecoin,2026-05-07,618.1,660.09,615.18,647.7,1871488630.0647337,87292375424.40376,2026-05-14 21:45:32
binancecoin,2026-05-11,648.31,666.08,634.39,664.19,797538964.7526813,89579322938.25858,2026-05-14 21:45:32
solana,2026-02-12,86.71,87.27,78.35,79.27,,,2026-05-14 21:46:36
solana,2026-02-16,79.21,90.96,76.81,85.94,4348972609.458301,48819352379.51161,2026-05-14 21:46:36
solana,2026-02-20,85.99,87.41,79.82,82.33,3082347845.3774166,46788887236.61634,2026-05-14 21:46:36
solana,2026-02-24,82.38,86.6,77.32,77.74,5278871884.141234,44218639145.17957,2026-05-14 21:46:36
solana,2026-02-28,77.76,90.65,76.1,81.97,4075158244.6100698,46589974108.0842,2026-05-14 21:46:36
solana,2026-03-04,81.87,89.58,77.47,87.21,5221323004.591456,49734923977.29887,2026-05-14 21:46:36
solana,2026-03-08,87.03,93.71,82.51,83.18,1895012342.4811046,47465294460.024994,2026-05-14 21:46:36
solana,2026-03-12,83.2,88.54,81.03,86.63,3989760200.81788,49493902762.530624,2026-05-14 21:46:36
solana,2026-03-16,86.57,92.91,84.89,92.16,3123676485.3457417,52658214640.90314,2026-05-14 21:46:36
solana,2026-03-20,92.25,97.26,87.28,88.85,3564823814.746558,50782637128.16761,2026-05-14 21:46:36
solana,2026-03-24,88.9,91.96,85.32,91.38,5363123768.513683,52254718805.19267,2026-05-14 21:46:36
solana,2026-03-28,91.45,93.24,82.14,82.96,3496297086.4939494,47482157575.11642,2026-05-14 21:46:36
solana,2026-04-01,82.99,84.69,79.81,83.06,4343647275.125765,47556772134.1486,2026-05-14 21:46:36
solana,2026-04-05,83.09,86.05,76.95,80.77,1691980981.3604684,46263886927.84851,2026-05-14 21:46:36
solana,2026-04-09,80.79,86.37,78.48,82.6,3688303863.5176144,47378147716.34937,2026-05-14 21:46:36
solana,2026-04-13,82.48,86.17,81.41,81.53,2905031891.801938,46868765847.09739,2026-05-14 21:46:36
solana,2026-04-17,81.54,90.1,81.54,88.99,5451132606.154013,51190830617.59945,2026-05-14 21:46:36
solana,2026-04-21,89.05,90.46,83.17,85.32,3570640461.2201595,49102916734.76123,2026-05-14 21:46:36
solana,2026-04-25,85.36,89.24,84.45,86.22,2940983190.8937225,49639088898.2636,2026-05-14 21:46:36
solana,2026-04-29,86.21,88.01,83.05,84.03,2473418274.371276,48377375336.998795,2026-05-14 21:46:36
solana,2026-05-03,84.05,85.46,81.57,84.35,1601214585.0990963,48591957857.3805,2026-05-14 21:46:36
solana,2026-05-07,84.27,89.85,83.38,89.05,4768687980.24027,51321745365.61878,2026-05-14 21:46:36
solana,2026-05-11,89.12,96.78,87.69,96.49,3359511540.6947412,55729207857.615685,2026-05-14 21:46:36
ripple,2026-02-12,1.44,1.45,1.35,1.37,,,2026-05-14 21:46:40
ripple,2026-02-16,1.37,1.66,1.35,1.47,5459731414.60024,89761800847.37251,2026-05-14 21:46:40
ripple,2026-02-20,1.47,1.51,1.39,1.41,2332530531.095171,85850017342.566,2026-05-14 21:46:40
ripple,2026-02-24,1.41,1.46,1.34,1.35,3468618376.423911,82526476193.37524,2026-05-14 21:46:40
ripple,2026-02-28,1.35,1.48,1.32,1.36,3165932989.5660076,82808396104.64316,2026-05-14 21:46:40
ripple,2026-03-04,1.36,1.43,1.27,1.36,2736394718.367275,83177383072.09982,2026-05-14 21:46:40
ripple,2026-03-08,1.36,1.47,1.35,1.36,1042569286.7491976,83045360925.16869,2026-05-14 21:46:40
ripple,2026-03-12,1.36,1.44,1.33,1.39,2328024070.527004,84824110149.1156,2026-05-14 21:46:40
ripple,2026-03-16,1.38,1.46,1.37,1.45,1990572080.7015047,88605526347.89265,2026-05-14 21:46:40
ripple,2026-03-20,1.45,1.6,1.42,1.45,2614487500.7637186,88659694188.07056,2026-05-14 21:46:40
ripple,2026-03-24,1.45,1.46,1.36,1.43,3597476600.392,87747652207.63853,2026-05-14 21:46:40
ripple,2026-03-28,1.43,1.43,1.32,1.32,2474305616.775446,81208204456.41394,2026-05-14 21:46:40
ripple,2026-04-01,1.32,1.36,1.31,1.34,2010449383.345137,82220833777.49088,2026-05-14 21:46:40
ripple,2026-04-05,1.34,1.36,1.28,1.31,922295626.815209,80718975209.79355,2026-05-14 21:46:40
ripple,2026-04-09,1.32,1.39,1.28,1.34,2578622137.447636,82449126175.14423,2026-05-14 21:46:40
ripple,2026-04-13,1.34,1.37,1.32,1.32,1736307268.9235272,81375805431.99823,2026-05-14 21:46:40
ripple,2026-04-17,1.32,1.46,1.32,1.45,4183501949.328422,89462359830.41489,2026-05-14 21:46:40
ripple,2026-04-21,1.45,1.51,1.39,1.42,2836204417.1398997,87727877250.9485,2026-05-14 21:46:40
ripple,2026-04-25,1.43,1.46,1.41,1.43,2084158113.1575637,88435453017.76625,2026-05-14 21:46:40
ripple,2026-04-29,1.43,1.45,1.37,1.38,1693206863.3377886,85164100381.18465,2026-05-14 21:46:40
ripple,2026-05-03,1.38,1.4,1.35,1.39,1179973413.3161168,86215728259.17459,2026-05-14 21:46:40
ripple,2026-05-07,1.39,1.46,1.38,1.42,2759704906.5182724,87989453388.00082,2026-05-14 21:46:40
ripple,2026-05-11,1.42,1.5,1.38,1.47,2851886672.2821317,91026505768.2578,2026-05-14 21:46:40
usd-coin,2026-02-12,0.999896,1.0,0.999767,0.999832,,,2026-05-14 21:47:43
usd-coin,2026-02-16,0.999914,1.0,0.999799,0.999903,5247322327.565422,73608499482.57,2026-05-14 21:47:43
usd-coin,2026-02-20,1.0,1.0,0.999797,0.999999,3159145864.1655126,73854460914.97928,2026-05-14 21:47:43
usd-coin,2026-02-24,0.999926,1.0,0.999795,0.999807,6705165448.168649,74770549337.12044,2026-05-14 21:47:43
usd-coin,2026-02-28,0.999804,1.0,0.999797,0.999999,5823882978.612446,75227319202.03062,2026-05-14 21:47:43
usd-coin,2026-03-04,0.999995,1.0,0.999808,0.999996,6223905597.01122,76330431281.0647,2026-05-14 21:47:43
usd-coin,2026-03-08,0.999998,1.0,0.999806,0.999999,1912573281.942883,77256826391.67438,2026-05-14 21:47:43
usd-coin,2026-03-12,0.999983,1.0,0.999809,0.999909,4127969222.477801,78807446763.98502,2026-05-14 21:47:43
usd-coin,2026-03-16,1.0,1.0,0.99972,0.999992,5550551264.2147,79149237129.9105,2026-05-14 21:47:43
usd-coin,2026-03-20,0.999977,1.0,0.999755,0.999905,7378386844.436881,79240632955.95074,2026-05-14 21:47:43
usd-coin,2026-03-24,0.999985,1.0,0.999801,0.999908,13923747715.446238,78647783334.62715,2026-05-14 21:47:43
usd-coin,2026-03-28,0.999921,1.0,0.999696,0.999838,11177968444.752247,77752987029.2416,2026-05-14 21:47:43
usd-coin,2026-04-01,0.999804,0.999864,0.999577,0.999652,9170156631.72462,77143883325.30286,2026-05-14 21:47:43
usd-coin,2026-04-05,0.999652,1.001,0.998675,0.999818,3769095692.16948,77509138422.18379,2026-05-14 21:47:43
usd-coin,2026-04-09,1.0,1.001,0.997899,1.0,14316430345.432095,78238941523.04596,2026-05-14 21:47:43
usd-coin,2026-04-13,0.999967,1.001,0.99899,0.999993,8013980071.615591,78607553190.67357,2026-05-14 21:47:43
usd-coin,2026-04-17,0.999949,1.001,0.99801,0.999871,18973134666.553078,78707562405.20102,2026-05-14 21:47:43
usd-coin,2026-04-21,0.99987,1.001,0.996876,1.0,17643419143.566917,78310274685.79256,2026-05-14 21:47:43
usd-coin,2026-04-25,0.999976,1.0,0.998342,0.999811,12598917899.577572,77760778356.9717,2026-05-14 21:47:43
usd-coin,2026-04-29,0.999805,1.0,0.997454,0.999821,13001339974.95573,77478852869.7837,2026-05-14 21:47:43
usd-coin,2026-05-03,0.999843,1.0,0.999181,0.999864,5063724791.442985,77223814288.281,2026-05-14 21:47:43
usd-coin,2026-05-07,0.999871,1.0,0.999348,0.999737,16117797383.898964,78241301484.67804,2026-05-14 21:47:43
usd-coin,2026-05-11,0.999757,1.004,0.999405,0.999899,9941017489.994709,77867228372.69023,2026-05-14 21:47:43
staked-ether,2026-02-12,2101.27,2116.28,1906.97,1938.62,,,2026-05-14 21:47:47
staked-ether,2026-02-16,1938.72,2098.58,1905.59,1963.69,43467552.789913096,18629261713.492374,2026-05-14 21:47:47
staked-ether,2026-02-20,1964.36,2028.02,1913.43,1946.29,32137222.470633846,18425340243.23182,2026-05-14 21:47:47
staked-ether,2026-02-24,1946.68,1992.54,1843.83,1851.77,53827193.41923314,17496555095.825188,2026-05-14 21:47:47
staked-ether,2026-02-28,1852.66,2118.87,1806.42,1929.45,30611427.01670218,18175381193.81838,2026-05-14 21:47:47
staked-ether,2026-03-04,1928.81,2070.98,1838.4,1984.0,35479901.64878134,18531632155.033955,2026-05-14 21:47:47
staked-ether,2026-03-08,1982.2,2184.65,1949.05,1969.71,22333888.884232324,18184004991.783047,2026-05-14 21:47:47
staked-ether,2026-03-12,1969.3,2084.16,1922.37,2051.53,25531591.644778445,18916587511.040794,2026-05-14 21:47:47
staked-ether,2026-03-16,2050.78,2195.29,2020.37,2173.13,12407092.656831069,19943731707.777473,2026-05-14 21:47:47
staked-ether,2026-03-20,2177.17,2378.35,2104.58,2136.35,21028573.58483221,19681870193.72733,2026-05-14 21:47:47
staked-ether,2026-03-24,2137.93,2191.49,2027.57,2147.58,26959394.883189052,19703165561.461815,2026-05-14 21:47:47
staked-ether,2026-03-28,2148.85,2196.16,1973.29,1991.24,15256759.598890949,18307740642.76164,2026-05-14 21:47:47
staked-ether,2026-04-01,1991.26,2110.93,1952.06,2104.02,16737527.963786226,19400793660.947872,2026-05-14 21:47:47
staked-ether,2026-04-05,2104.0,2157.87,2019.77,2064.13,5226230.478118371,19178294369.8929,2026-05-14 21:47:47
staked-ether,2026-04-09,2064.6,2263.01,2023.32,2190.71,22867481.745036747,20511200812.065483,2026-05-14 21:47:47
staked-ether,2026-04-13,2189.58,2324.04,2161.41,2191.13,7676712.352362912,20617203764.864063,2026-05-14 21:47:47
staked-ether,2026-04-17,2191.88,2402.86,2179.09,2349.26,11733049.06538191,22128929421.71733,2026-05-14 21:47:47
staked-ether,2026-04-21,2348.27,2460.58,2245.02,2301.73,221716718.3516122,21672873215.824673,2026-05-14 21:47:47
staked-ether,2026-04-25,2301.03,2413.82,2283.98,2308.22,15354150.038356109,21603020930.464886,2026-05-14 21:47:47
staked-ether,2026-04-29,2308.12,2392.54,2257.58,2281.11,15709608.213679576,21283161762.481823,2026-05-14 21:47:47
staked-ether,2026-05-03,2282.47,2340.63,2221.12,2312.27,6397364.861214917,20986368857.023216,2026-05-14 21:47:47
staked-ether,2026-05-07,2312.49,2418.02,2295.49,2346.99,24009410.40590067,21168695358.124847,2026-05-14 21:47:47
staked-ether,2026-05-11,2347.88,2377.53,2268.37,2373.97,17366102.587384187,20808115402.13062,2026-05-14 21:47:47
cardano,2026-02-12,0.269714,0.270089,0.251403,0.255334,,,2026-05-14 21:47:51
cardano,2026-02-16,0.255514,0.30059,0.255514,0.281763,549242071.9014269,10368012793.010773,2026-05-14 21:47:51
cardano,2026-02-20,0.281747,0.289253,0.268237,0.272487,323266710.37285775,10033143620.649017,2026-05-14 21:47:51
cardano,2026-02-24,0.272669,0.292005,0.258928,0.262257,471484774.6646045,9656024887.362213,2026-05-14 21:47:51
cardano,2026-02-28,0.262211,0.312177,0.25472,0.277551,481948228.9757182,10218319657.64662,2026-05-14 21:47:51
cardano,2026-03-04,0.277551,0.290822,0.260116,0.263157,679079183.9237806,9690820896.130474,2026-05-14 21:47:51
cardano,2026-03-08,0.262786,0.284191,0.252579,0.254715,329456304.1086405,9380225244.496065,2026-05-14 21:47:51
cardano,2026-03-12,0.254658,0.272758,0.247682,0.262577,451161051.5471935,9671456629.544138,2026-05-14 21:47:51
cardano,2026-03-16,0.262536,0.280168,0.258206,0.26962,356863114.0877455,9931306180.443811,2026-05-14 21:47:51
cardano,2026-03-20,0.269806,0.293754,0.263103,0.267053,429264607.13101697,9833639608.307167,2026-05-14 21:47:51
cardano,2026-03-24,0.267344,0.272712,0.248347,0.261278,645926457.0457813,9627231341.92694,2026-05-14 21:47:51
cardano,2026-03-28,0.261507,0.275728,0.245191,0.24599,495312467.6664771,9065137256.698591,2026-05-14 21:47:51
cardano,2026-04-01,0.245904,0.251686,0.235356,0.241695,472649859.1100496,8907947775.965868,2026-05-14 21:47:51
cardano,2026-04-05,0.24176,0.252854,0.235293,0.247831,236623446.9508601,9139960171.399788,2026-05-14 21:47:51
cardano,2026-04-09,0.247932,0.265512,0.240863,0.250624,451597521.8265974,9244038927.794779,2026-05-14 21:47:51
cardano,2026-04-13,0.250793,0.258969,0.235723,0.236128,480019028.6193192,8720034137.691711,2026-05-14 21:47:51
cardano,2026-04-17,0.236229,0.259967,0.236229,0.259417,640797794.2589658,9586698302.130733,2026-05-14 21:47:51
cardano,2026-04-21,0.259269,0.266982,0.241454,0.248218,476647468.2277773,9177612435.285776,2026-05-14 21:47:51
cardano,2026-04-25,0.248184,0.257076,0.244687,0.250408,295088755.0493712,9257561854.966825,2026-05-14 21:47:51
cardano,2026-04-29,0.250412,0.25574,0.244056,0.246766,254110042.14541602,9118239657.595806,2026-05-14 21:47:51
cardano,2026-05-03,0.246727,0.25365,0.239317,0.250109,210393922.5886923,9248246083.389046,2026-05-14 21:47:51
cardano,2026-05-07,0.25005,0.273056,0.247563,0.266604,552188870.2947553,9856685644.257177,2026-05-14 21:47:51
cardano,2026-05-11,0.266727,0.288265,0.260712,0.282895,548673129.4572612,10477170233.21779,2026-05-14 21:47:51
avalanche-2,2026-02-12,9.05,9.09,8.48,8.63,,,2026-05-14 21:48:55
avalanche-2,2026-02-16,8.63,9.71,8.63,9.28,262028662.14720035,4005660180.8354893,2026-05-14 21:48:55
avalanche-2,2026-02-20,9.28,9.38,8.69,8.9,223611377.95051444,3842670668.726182,2026-05-14 21:48:55
avalanche-2,2026-02-24,8.9,9.41,8.29,8.36,329815807.3786235,3609662517.095452,2026-05-14 21:48:55
avalanche-2,2026-02-28,8.36,9.78,8.21,8.96,333698507.2131366,3867925523.908717,2026-05-14 21:48:55
avalanche-2,2026-03-04,8.96,9.43,8.46,9.18,320013075.44623715,3965457864.4724927,2026-05-14 21:48:55
avalanche-2,2026-03-08,9.18,9.72,8.89,8.91,163974836.47892338,3845432930.7664995,2026-05-14 21:48:55
avalanche-2,2026-03-12,8.91,9.91,8.75,9.55,267427185.52043533,4123417252.2411804,2026-05-14 21:48:55
avalanche-2,2026-03-16,9.55,10.25,9.45,9.93,228987492.72790298,4285393917.7464194,2026-05-14 21:48:55
avalanche-2,2026-03-20,9.94,10.5,9.35,9.47,250541014.41511986,4086609976.4732594,2026-05-14 21:48:55
avalanche-2,2026-03-24,9.47,9.72,8.91,9.52,397454542.24913347,4112440836.7673855,2026-05-14 21:48:55
avalanche-2,2026-03-28,9.55,9.77,8.68,8.78,322165139.56767184,3789077751.1896267,2026-05-14 21:48:55
avalanche-2,2026-04-01,8.78,9.04,8.45,8.9,210578063.03878418,3843037031.529085,2026-05-14 21:48:55
avalanche-2,2026-04-05,8.91,9.42,8.63,8.98,118330854.95343673,3877181591.066971,2026-05-14 21:48:55
avalanche-2,2026-04-09,8.99,9.62,8.51,9.06,350803407.4610751,3911927968.038106,2026-05-14 21:48:55
avalanche-2,2026-04-13,9.06,9.59,8.94,9.04,224085599.70083913,3900513639.7191505,2026-05-14 21:48:55
avalanche-2,2026-04-17,9.03,9.84,9.01,9.73,397621557.343973,4202679757.2772174,2026-05-14 21:48:55
avalanche-2,2026-04-21,9.73,9.97,8.99,9.28,332715498.4332134,4006849770.67509,2026-05-14 21:48:55
avalanche-2,2026-04-25,9.28,9.66,9.2,9.4,156444117.96820086,4056923486.814185,2026-05-14 21:48:55
avalanche-2,2026-04-29,9.4,9.55,9.12,9.17,152531585.93993136,3958400976.4900804,2026-05-14 21:48:55
avalanche-2,2026-05-03,9.17,9.43,8.95,9.18,110679902.68511996,3966184607.622607,2026-05-14 21:48:55
avalanche-2,2026-05-07,9.18,9.77,9.0,9.6,317966522.77760744,4146890722.9027643,2026-05-14 21:48:55
avalanche-2,2026-05-11,9.61,10.47,9.41,10.25,309107277.39972985,4430491753.596685,2026-05-14 21:48:55
